{
  "v":"1.9",
  "av":1564027,
  "at":162,
  "bt":0,
  "cm":28288880,
  "ch":50475,
  "ck":{},
  "cr":44333552,
  "di":"990f18fbce5c42b8905e7d0b4a8efa9a",
  "dj":0,
  "ii":"b5057ff9fd564a23a8afd732a5a9eef8",
  "dm":3,
  "fc":71181467,
  "fl":63325603,
  "ip":"34.233.250.148",
  "nw":10515,
  "pc":1.95,
  "dp":60.18904,
  "dn":60.18904,
  "dg":60.18904,
  "ec":75.3324,
  "gm":0,
  "ep":null,
  "pr":217913,
  "rt":3,
  "rs":500,
  "sa":"undefined",
  "sb":"i-096113c8e9487a5f2",
  "sp":1084152,
  "st":1129712,
  "uk":"NOT_PROVIDED",
  "ts":1632838390714,
  "pn":"monster:JSR_CARD_VIEW",
  "gc":true,
  "gC":true,
  "gs":"none",
  "bi":1,
  "tz":"UTC",
  "ba":73,
  "fq":0
}